{"cameraMode":{"drawMode":0,"name":"Shaded","section":"Shading Mode"},"sceneLighting":false,"audioPlay":false,"sceneViewState":{"m_AlwaysRefresh":false,"showFog":true,"showSkybox":false,"showFlares":true,"showImageEffects":true,"showParticleSystems":true,"showVisualEffectGraphs":true,"m_FxEnabled":true},"in2DMode":false,"pivot":{"x":-285.92071533203127,"y":-86.81253051757813,"z":488.89495849609377},"rotation":{"x":-0.2635510563850403,"y":-0.029529999941587449,"z":0.01440949086099863,"w":-0.9642265439033508},"size":14.229143142700196,"orthographic":false}